clinical_variable,n_total,test_type,p_value,abnormal_fraction_group0,abnormal_fraction_group1,abnormal_fraction_group1_minus_group0
nafld_status,72,fisher_exact,0.08293330813602462,0.1746031746031746,0.4444444444444444,0.2698412698412698
obesity_class,80,fisher_exact,0.24904435374643089,0.1568627450980392,0.27586206896551724,0.11899932386747802
hcv_status,73,fisher_exact,0.5469309092708962,0.1836734693877551,0.25,0.06632653061224489
hbv_status,105,fisher_exact,0.5604155644663983,0.24,0.175,-0.065
alcohol_status,81,fisher_exact,0.7812678516717078,0.17073170731707318,0.2,0.029268292682926828
fibrosis_present,152,fisher_exact,0.8255448645972006,0.19047619047619047,0.21818181818181817,0.027705627705627706
