clinical_variable,n_group0,n_group1,median_group0_adjusted,median_group1_adjusted,median_group1_minus_group0_adjusted,p_value_mannwhitney_adjusted
hcv_status,49,24,0.07171421532165154,0.08953482569127047,0.017820610369618933,0.00023199040126838146
hbv_status,25,80,0.08471142506454955,0.07139874268608096,-0.013312682378468596,0.00818051556901682
obesity_class,51,29,0.07314471341208445,0.08321223912639163,0.010067525714307177,0.22207729817259858
nafld_status,63,9,0.07995028531206864,0.07193142109220226,-0.00801886421986639,0.3945754721358029
fibrosis_present,42,110,0.07032740466329948,0.07398837585866924,0.003660971195369761,0.5137174989999337
alcohol_status,41,40,0.07995028531206864,0.07677005198629089,-0.0031802333257777565,0.5549266644058717
