clinical_variable,n_group0,n_group1,median_group0_adjusted,median_group1_adjusted,median_group1_minus_group0_adjusted,p_value_mannwhitney_adjusted
hcv_status,49,24,0.07964041655823897,0.09247642089287722,0.012836004334638246,0.0018226243970431834
hbv_status,25,80,0.08870201376365926,0.08056415278033395,-0.008137860983325307,0.02671309195778642
alcohol_status,41,40,0.08202166424758324,0.08646917013701233,0.00444750588942909,0.2670247318321606
nafld_status,63,9,0.08664808171027565,0.07132119406070656,-0.01532688764956909,0.33177842101924415
obesity_class,51,29,0.08202166424758324,0.08698548785799479,0.004963823610411547,0.4005135634157312
fibrosis_present,42,110,0.08219664595456949,0.08228571939552233,8.907344095283876e-05,0.8255335160500846
