cancer_type,top1_accuracy,n_samples,n_correct,x_label
ESAD,0.9814814814814815,108,106,"ESAD
n=108"
MELA,0.9333333333333333,45,42,"MELA
n=45"
SKCM,0.8333333333333334,6,5,"SKCM
n=6"
NKTL,0.6666666666666666,6,4,"NKTL
n=6"
LMS,0.17647058823529413,17,3,"LMS
n=17"
LAML,0.0,6,0,"LAML
n=6"
BCC,0.0,2,0,"BCC
n=2"
GBM,0.0,1,0,"GBM
n=1"
