assigned_state,n_samples,percentage
FOXA2+,55,80.88235294117646
FOXA2-,13,19.11764705882353
