chrom,start,end,FOXA2+ ATAC,FOXA2- ATAC,delta_abnormal_minus_normal,absolute_delta,bin_label,midpoint,midpoint_mb,sample_exp_decay_mutation_signal,n_mutations_used_for_decay_window
chr19,19000000,19500000,30.028558703825475,30.489475800236583,0.4609170964111087,0.4609170964111087,chr19:19000000-19500000,19250000.0,19.25,0.7556303438435977,21
chr19,19500000,20000000,17.46438992524375,25.9923536260618,8.527963700818045,8.527963700818045,chr19:19500000-20000000,19750000.0,19.75,2.6965122315027568,21
chr19,20000000,20500000,11.53440612086835,7.543590505996765,-3.990815614871585,3.990815614871585,chr19:20000000-20500000,20250000.0,20.25,2.998550124401036,21
chr19,20500000,21000000,5.356958968279,10.11123557164041,4.754276603361411,4.754276603361411,chr19:20500000-21000000,20750000.0,20.75,4.159578300289545,21
chr19,21000000,21500000,2.1576482586909886,5.025824450697274,2.8681761920062856,2.8681761920062856,chr19:21000000-21500000,21250000.0,21.25,3.758175131194149,21
