chrom,start,end,sample,ref,alt,cancer_type,position_mb
chr19,19447688.0,19447689.0,TCGA-EP-A3RK-01A,G,T,LIHC,19.447688
chr19,19634685.0,19634686.0,TCGA-EP-A3RK-01A,G,C,LIHC,19.634685
chr19,19666671.0,19666672.0,TCGA-EP-A3RK-01A,G,A,LIHC,19.666671
chr19,19737155.0,19737156.0,TCGA-EP-A3RK-01A,G,T,LIHC,19.737155
chr19,20169587.0,20169588.0,TCGA-EP-A3RK-01A,C,A,LIHC,20.169587
chr19,20215441.0,20215442.0,TCGA-EP-A3RK-01A,A,G,LIHC,20.215441
chr19,20235497.0,20235498.0,TCGA-EP-A3RK-01A,C,T,LIHC,20.235497
chr19,20702546.0,20702547.0,TCGA-EP-A3RK-01A,C,A,LIHC,20.702546
chr19,20798131.0,20798132.0,TCGA-EP-A3RK-01A,T,A,LIHC,20.798131
chr19,20884137.0,20884138.0,TCGA-EP-A3RK-01A,C,T,LIHC,20.884137
chr19,20915213.0,20915214.0,TCGA-EP-A3RK-01A,C,T,LIHC,20.915213
chr19,20948196.0,20948197.0,TCGA-EP-A3RK-01A,C,T,LIHC,20.948196
chr19,20958010.0,20958011.0,TCGA-EP-A3RK-01A,G,T,LIHC,20.95801
chr19,21000326.0,21000327.0,TCGA-EP-A3RK-01A,G,T,LIHC,21.000326
chr19,21035728.0,21035729.0,TCGA-EP-A3RK-01A,T,C,LIHC,21.035728
chr19,21243779.0,21243780.0,TCGA-EP-A3RK-01A,A,G,LIHC,21.243779
chr19,21246745.0,21246746.0,TCGA-EP-A3RK-01A,G,C,LIHC,21.246745
chr19,21567087.0,21567088.0,TCGA-EP-A3RK-01A,G,T,LIHC,21.567087
chr19,22325933.0,22325934.0,TCGA-EP-A3RK-01A,C,G,LIHC,22.325933
chr19,22480707.0,22480708.0,TCGA-EP-A3RK-01A,C,A,LIHC,22.480707
chr19,22486485.0,22486486.0,TCGA-EP-A3RK-01A,G,T,LIHC,22.486485
chr19,22539921.0,22539922.0,TCGA-EP-A3RK-01A,G,C,LIHC,22.539921
chr19,22722287.0,22722288.0,TCGA-EP-A3RK-01A,C,G,LIHC,22.722287
chr19,23484147.0,23484148.0,TCGA-EP-A3RK-01A,G,T,LIHC,23.484147
chr19,23772548.0,23772549.0,TCGA-EP-A3RK-01A,T,A,LIHC,23.772548
chr19,23912647.0,23912648.0,TCGA-EP-A3RK-01A,G,A,LIHC,23.912647
